
{
    "pystart_ms": 1589183985714.5957,
    "pyend_ms": 1589183993890.806,
    "pyduration_ms": 8176.210205078125,
    "func_data": {
        "initTime_ms": 1589183988417.5815,
        "endTime_ms": 1589183990876.6077,
        "duration_ms": 2459.026098251343,
        "executionID": "7nupyzs479gl",
        "containerID": "c9cdb92c-490e-4fb3-9cc0-c7ba6ebaa5e3"
    }
},