
{
    "pystart_ms": 1588927156243.0405,
    "pyend_ms": 1588927157986.8135,
    "pyduration_ms": 1743.77294921875,
    "func_data": {
        "initTime_ms": 1588927156602.7297,
        "endTime_ms": 1588927157894.6194,
        "duration_ms": 1291.8896675109863,
        "executionID": "5pi6491smaom",
        "containerID": "3fa7206b-27f2-45f4-a4dd-0bf1539d9da0"
    }
},