
{
    "pystart_ms": 1588925330517.0518,
    "pyend_ms": 1588925336264.0396,
    "pyduration_ms": 5746.98779296875,
    "func_data": {
        "initTime_ms": 1588925330810.8557,
        "endTime_ms": 1588925336192.2002,
        "duration_ms": 5381.344556808472,
        "executionID": "sueujydefjrv",
        "containerID": "2425c1e5-9025-45a9-a003-38923c1875df"
    }
},