
{
    "pystart_ms": 1583493343890.5747,
    "pyend_ms": 1583493347372.318,
    "pyduration_ms": 3481.743408203125,
    "start": 1583493346326,
    "end": 1583493347350,
    "duration": 1024,
    "invocation": "15895db2-5b62-4eab-8fb8-17050fa7e205",
    "instance": "8e9bb04484c7a1d3a7fa7fc4a2bf55a3f5a227797a4fab2f0bb84163eae89308"
},
{
    "pystart_ms": 1583493343894.5376,
    "pyend_ms": 1583493347432.2683,
    "pyduration_ms": 3537.730712890625,
    "start": 1583493346411,
    "end": 1583493347427,
    "duration": 1016,
    "invocation": "5f90b82b-a3cc-4b55-9a19-97f01d7b274c",
    "instance": "3966815c1735e25eacb9e7fcb3ffb349f6996faf94adcbc3ff049af8f9f3a62b"
},