
{
    "pystart_ms": 1587724552539.4192,
    "pyend_ms": 1587724554381.0286,
    "pyduration_ms": 1841.609375,
    "ow_func_start_ms": 1587724552606,
    "ow_func_end_ms": 1587724553619,
    "ow_func_duration_ms": 1013,
    "func_data": {
        "containerID": "ed11d968-b451-4c19-aada-c09781204943",
        "duration_ms": 1008.6052417755127,
        "endTime_ms": 1587724553618.5544,
        "funcActivationID": "6371094b4517475cb1094b4517275cba",
        "hostname": "action",
        "hostnameIP": "192.168.0.22",
        "initTime_ms": 1587724552609.9492,
        "uptime": "694660.18"
    },
    "wait_time": 29,
    "init_time": 0,
    "mem_lim": 256
},
{
    "pystart_ms": 1587724552537.4158,
    "pyend_ms": 1587724554383.967,
    "pyduration_ms": 1846.55126953125,
    "ow_func_start_ms": 1587724552579,
    "ow_func_end_ms": 1587724553595,
    "ow_func_duration_ms": 1016,
    "func_data": {
        "containerID": "4a009bd8-00bc-4c20-bf6c-f510b5746a5f",
        "duration_ms": 1010.2691650390625,
        "endTime_ms": 1587724553593.1626,
        "funcActivationID": "12bf67c31abe42f7bf67c31abed2f752",
        "hostname": "action",
        "hostnameIP": "192.168.0.7",
        "initTime_ms": 1587724552582.8933,
        "uptime": "694660.15"
    },
    "wait_time": 29,
    "init_time": 0,
    "mem_lim": 256
},
{
    "pystart_ms": 1587724552536.4163,
    "pyend_ms": 1587724554387.0066,
    "pyduration_ms": 1850.59033203125,
    "ow_func_start_ms": 1587724552623,
    "ow_func_end_ms": 1587724553632,
    "ow_func_duration_ms": 1009,
    "func_data": {
        "containerID": "9a2671fa-b83b-4d64-bf16-b560c224214d",
        "duration_ms": 1006.6092014312744,
        "endTime_ms": 1587724553631.5278,
        "funcActivationID": "cdd430d35a9945589430d35a99c558ee",
        "hostname": "action",
        "hostnameIP": "192.168.0.18",
        "initTime_ms": 1587724552624.9187,
        "uptime": "694660.19"
    },
    "wait_time": 44,
    "init_time": 0,
    "mem_lim": 256
},
{
    "pystart_ms": 1587724552541.432,
    "pyend_ms": 1587724554390.0078,
    "pyduration_ms": 1848.575927734375,
    "ow_func_start_ms": 1587724552644,
    "ow_func_end_ms": 1587724553654,
    "ow_func_duration_ms": 1010,
    "func_data": {
        "containerID": "773e3c43-6c81-4229-9930-2fb90dd01dee",
        "duration_ms": 1007.5068473815918,
        "endTime_ms": 1587724553653.306,
        "funcActivationID": "207ac1b65d024c6dbac1b65d021c6d78",
        "hostname": "action",
        "hostnameIP": "192.168.0.19",
        "initTime_ms": 1587724552645.799,
        "uptime": "694660.21"
    },
    "wait_time": 36,
    "init_time": 0,
    "mem_lim": 256
},
{
    "pystart_ms": 1587724552534.429,
    "pyend_ms": 1587724554446.9612,
    "pyduration_ms": 1912.5322265625,
    "ow_func_start_ms": 1587724552735,
    "ow_func_end_ms": 1587724553746,
    "ow_func_duration_ms": 1011,
    "func_data": {
        "containerID": "21237f79-0b1d-437b-b5a4-5197775fde1c",
        "duration_ms": 1008.4323883056641,
        "endTime_ms": 1587724553745.5247,
        "funcActivationID": "68c4134c3645403484134c3645c034dd",
        "hostname": "action",
        "hostnameIP": "192.168.0.13",
        "initTime_ms": 1587724552737.0923,
        "uptime": "694660.30"
    },
    "wait_time": 28,
    "init_time": 0,
    "mem_lim": 256
},
{
    "pystart_ms": 1587724552546.423,
    "pyend_ms": 1587724554478.0925,
    "pyduration_ms": 1931.66943359375,
    "ow_func_start_ms": 1587724552751,
    "ow_func_end_ms": 1587724553761,
    "ow_func_duration_ms": 1010,
    "func_data": {
        "containerID": "5cccae16-b5ac-4947-973d-a1dbaf652703",
        "duration_ms": 1007.5571537017822,
        "endTime_ms": 1587724553760.8982,
        "funcActivationID": "e6d8b475e0a940dc98b475e0a960dc63",
        "hostname": "action",
        "hostnameIP": "192.168.0.14",
        "initTime_ms": 1587724552753.341,
        "uptime": "694660.32"
    },
    "wait_time": 30,
    "init_time": 0,
    "mem_lim": 256
},
{
    "pystart_ms": 1587724552544.4236,
    "pyend_ms": 1587724554641.8562,
    "pyduration_ms": 2097.4326171875,
    "ow_func_start_ms": 1587724552933,
    "ow_func_end_ms": 1587724553946,
    "ow_func_duration_ms": 1013,
    "func_data": {
        "containerID": "d015dcaf-885d-4a7b-96d7-a3009d0fd0fe",
        "duration_ms": 1009.8767280578613,
        "endTime_ms": 1587724553944.5552,
        "funcActivationID": "3998ca813c4544d298ca813c4574d2f4",
        "hostname": "action",
        "hostnameIP": "192.168.0.15",
        "initTime_ms": 1587724552934.6785,
        "uptime": "694660.50"
    },
    "wait_time": 29,
    "init_time": 0,
    "mem_lim": 256
},
{
    "pystart_ms": 1587724552533.4185,
    "pyend_ms": 1587724554658.4883,
    "pyduration_ms": 2125.06982421875,
    "ow_func_start_ms": 1587724552940,
    "ow_func_end_ms": 1587724553955,
    "ow_func_duration_ms": 1015,
    "func_data": {
        "containerID": "65f9c315-fa09-48dd-90f2-50237d540961",
        "duration_ms": 1012.8231048583984,
        "endTime_ms": 1587724553954.864,
        "funcActivationID": "df246c233c9a431aa46c233c9a231a89",
        "hostname": "action",
        "hostnameIP": "192.168.0.17",
        "initTime_ms": 1587724552942.041,
        "uptime": "694660.51"
    },
    "wait_time": 41,
    "init_time": 0,
    "mem_lim": 256
},
{
    "pystart_ms": 1587724552542.4163,
    "pyend_ms": 1587724554662.4875,
    "pyduration_ms": 2120.0712890625,
    "ow_func_start_ms": 1587724552942,
    "ow_func_end_ms": 1587724553961,
    "ow_func_duration_ms": 1019,
    "func_data": {
        "containerID": "47170829-1d57-4bdc-ae5d-bba926353293",
        "duration_ms": 1017.8720951080322,
        "endTime_ms": 1587724553961.0115,
        "funcActivationID": "3e62abff89c14467a2abff89c19467dd",
        "hostname": "action",
        "hostnameIP": "192.168.0.21",
        "initTime_ms": 1587724552943.1394,
        "uptime": "694660.51"
    },
    "wait_time": 40,
    "init_time": 0,
    "mem_lim": 256
},
{
    "pystart_ms": 1587724552529.4192,
    "pyend_ms": 1587724554944.1023,
    "pyduration_ms": 2414.68310546875,
    "ow_func_start_ms": 1587724553237,
    "ow_func_end_ms": 1587724554249,
    "ow_func_duration_ms": 1012,
    "func_data": {
        "containerID": "8da5e817-40fc-4263-9f30-095b8c03c78e",
        "duration_ms": 1008.6729526519775,
        "endTime_ms": 1587724554248.0764,
        "funcActivationID": "97224679aa1b4463a24679aa1b246365",
        "hostname": "action",
        "hostnameIP": "192.168.0.20",
        "initTime_ms": 1587724553239.4036,
        "uptime": "694660.80"
    },
    "wait_time": 25,
    "init_time": 0,
    "mem_lim": 256
},