
{
    "pystart_ms": 1587724402066.7295,
    "pyend_ms": 1587724404538.8687,
    "pyduration_ms": 2472.13916015625,
    "ow_func_start_ms": 1587724402261,
    "ow_func_end_ms": 1587724403825,
    "ow_func_duration_ms": 1564,
    "func_data": {
        "containerID": "4a009bd8-00bc-4c20-bf6c-f510b5746a5f",
        "duration_ms": 1178.255558013916,
        "endTime_ms": 1587724403823.852,
        "funcActivationID": "474a8b97566e42088a8b97566e02084c",
        "hostname": "action",
        "hostnameIP": "192.168.0.7",
        "initTime_ms": 1587724402645.5964,
        "uptime": "694510.37"
    },
    "wait_time": 83,
    "init_time": 339,
    "mem_lim": 256
},
{
    "pystart_ms": 1587724402065.7131,
    "pyend_ms": 1587724405043.065,
    "pyduration_ms": 2977.351806640625,
    "ow_func_start_ms": 1587724403015,
    "ow_func_end_ms": 1587724404343,
    "ow_func_duration_ms": 1328,
    "func_data": {
        "containerID": "5cccae16-b5ac-4947-973d-a1dbaf652703",
        "duration_ms": 1046.0708141326904,
        "endTime_ms": 1587724404342.4321,
        "funcActivationID": "72bd3405ca154894bd3405ca1538944b",
        "hostname": "action",
        "hostnameIP": "192.168.0.14",
        "initTime_ms": 1587724403296.3613,
        "uptime": "694510.90"
    },
    "wait_time": 779,
    "init_time": 202,
    "mem_lim": 256
},
{
    "pystart_ms": 1587724402062.6865,
    "pyend_ms": 1587724405142.835,
    "pyduration_ms": 3080.1484375,
    "ow_func_start_ms": 1587724403059,
    "ow_func_end_ms": 1587724404447,
    "ow_func_duration_ms": 1388,
    "func_data": {
        "containerID": "21237f79-0b1d-437b-b5a4-5197775fde1c",
        "duration_ms": 1078.4940719604492,
        "endTime_ms": 1587724404445.672,
        "funcActivationID": "1991b973d4c2430a91b973d4c2730ae3",
        "hostname": "action",
        "hostnameIP": "192.168.0.13",
        "initTime_ms": 1587724403367.178,
        "uptime": "694511.00"
    },
    "wait_time": 832,
    "init_time": 246,
    "mem_lim": 256
},
{
    "pystart_ms": 1587724402054.728,
    "pyend_ms": 1587724405184.8687,
    "pyduration_ms": 3130.140625,
    "ow_func_start_ms": 1587724403111,
    "ow_func_end_ms": 1587724404493,
    "ow_func_duration_ms": 1382,
    "func_data": {
        "containerID": "9a2671fa-b83b-4d64-bf16-b560c224214d",
        "duration_ms": 1028.5942554473877,
        "endTime_ms": 1587724404491.772,
        "funcActivationID": "a17f5ee9218946eabf5ee92189f6eabc",
        "hostname": "action",
        "hostnameIP": "192.168.0.18",
        "initTime_ms": 1587724403463.1777,
        "uptime": "694511.05"
    },
    "wait_time": 889,
    "init_time": 250,
    "mem_lim": 256
},
{
    "pystart_ms": 1587724402059.745,
    "pyend_ms": 1587724405199.0354,
    "pyduration_ms": 3139.290283203125,
    "ow_func_start_ms": 1587724403099,
    "ow_func_end_ms": 1587724404497,
    "ow_func_duration_ms": 1398,
    "func_data": {
        "containerID": "773e3c43-6c81-4229-9930-2fb90dd01dee",
        "duration_ms": 1043.0161952972412,
        "endTime_ms": 1587724404496.073,
        "funcActivationID": "4b35e53e063f4140b5e53e063f414057",
        "hostname": "action",
        "hostnameIP": "192.168.0.19",
        "initTime_ms": 1587724403453.057,
        "uptime": "694511.05"
    },
    "wait_time": 844,
    "init_time": 297,
    "mem_lim": 256
},
{
    "pystart_ms": 1587724402056.7476,
    "pyend_ms": 1587724405212.9805,
    "pyduration_ms": 3156.23291015625,
    "ow_func_start_ms": 1587724403039,
    "ow_func_end_ms": 1587724404512,
    "ow_func_duration_ms": 1473,
    "func_data": {
        "containerID": "d015dcaf-885d-4a7b-96d7-a3009d0fd0fe",
        "duration_ms": 1043.8573360443115,
        "endTime_ms": 1587724404511.0566,
        "funcActivationID": "34e96a0235194c3aa96a0235197c3abc",
        "hostname": "action",
        "hostnameIP": "192.168.0.15",
        "initTime_ms": 1587724403467.1992,
        "uptime": "694511.07"
    },
    "wait_time": 804,
    "init_time": 330,
    "mem_lim": 256
},
{
    "pystart_ms": 1587724402050.7014,
    "pyend_ms": 1587724405217.9763,
    "pyduration_ms": 3167.27490234375,
    "ow_func_start_ms": 1587724403127,
    "ow_func_end_ms": 1587724404519,
    "ow_func_duration_ms": 1392,
    "func_data": {
        "containerID": "65f9c315-fa09-48dd-90f2-50237d540961",
        "duration_ms": 1043.1663990020752,
        "endTime_ms": 1587724404513.5796,
        "funcActivationID": "bc8d8e1039124ff68d8e1039125ff6db",
        "hostname": "action",
        "hostnameIP": "192.168.0.17",
        "initTime_ms": 1587724403470.413,
        "uptime": "694511.07"
    },
    "wait_time": 951,
    "init_time": 266,
    "mem_lim": 256
},
{
    "pystart_ms": 1587724402057.7268,
    "pyend_ms": 1587724405269.115,
    "pyduration_ms": 3211.38818359375,
    "ow_func_start_ms": 1587724403170,
    "ow_func_end_ms": 1587724404545,
    "ow_func_duration_ms": 1375,
    "func_data": {
        "containerID": "47170829-1d57-4bdc-ae5d-bba926353293",
        "duration_ms": 1021.5353965759277,
        "endTime_ms": 1587724404544.4558,
        "funcActivationID": "c8b9c8f06fc14de4b9c8f06fc13de4eb",
        "hostname": "action",
        "hostnameIP": "192.168.0.21",
        "initTime_ms": 1587724403522.9204,
        "uptime": "694511.10"
    },
    "wait_time": 985,
    "init_time": 290,
    "mem_lim": 256
},
{
    "pystart_ms": 1587724402061.6863,
    "pyend_ms": 1587724405288.2917,
    "pyduration_ms": 3226.60546875,
    "ow_func_start_ms": 1587724403213,
    "ow_func_end_ms": 1587724404576,
    "ow_func_duration_ms": 1363,
    "func_data": {
        "containerID": "ed11d968-b451-4c19-aada-c09781204943",
        "duration_ms": 1022.4602222442627,
        "endTime_ms": 1587724404575.7676,
        "funcActivationID": "2e723e8efdf24fa4b23e8efdf23fa41b",
        "hostname": "action",
        "hostnameIP": "192.168.0.22",
        "initTime_ms": 1587724403553.3074,
        "uptime": "694511.13"
    },
    "wait_time": 974,
    "init_time": 298,
    "mem_lim": 256
},
{
    "pystart_ms": 1587724402064.6846,
    "pyend_ms": 1587724405293.2915,
    "pyduration_ms": 3228.60693359375,
    "ow_func_start_ms": 1587724403222,
    "ow_func_end_ms": 1587724404591,
    "ow_func_duration_ms": 1369,
    "func_data": {
        "containerID": "8da5e817-40fc-4263-9f30-095b8c03c78e",
        "duration_ms": 1023.2739448547363,
        "endTime_ms": 1587724404589.9775,
        "funcActivationID": "136dc8d8b20147e1adc8d8b20127e128",
        "hostname": "action",
        "hostnameIP": "192.168.0.20",
        "initTime_ms": 1587724403566.7036,
        "uptime": "694511.15"
    },
    "wait_time": 1044,
    "init_time": 308,
    "mem_lim": 256
},