
{
    "pystart_ms": 1588061602321.1956,
    "pyend_ms": 1588061604105.471,
    "pyduration_ms": 1784.275390625,
    "ow_func_start_ms": 1588061602707,
    "ow_func_end_ms": 1588061603930,
    "ow_func_duration_ms": 1223,
    "func_data": {
        "containerID": "f43cfbad-1684-4ca2-9afa-2ef883062c85",
        "duration_ms": 1219.6977138519287,
        "endTime_ms": 1588061603928.809,
        "funcActivationID": "ce283cc3c2774de5a83cc3c277ede510",
        "hostname": "action",
        "hostnameIP": "192.168.0.162",
        "initTime_ms": 1588061602709.1116,
        "uptime": "1017117.85"
    },
    "wait_time": 32,
    "init_time": 0,
    "mem_lim": 2048
},
{
    "pystart_ms": 1588061602325.1956,
    "pyend_ms": 1588061604153.81,
    "pyduration_ms": 1828.614501953125,
    "ow_func_start_ms": 1588061602725,
    "ow_func_end_ms": 1588061603971,
    "ow_func_duration_ms": 1246,
    "func_data": {
        "containerID": "c42437f1-30a0-4da2-981d-a9d74309b0c3",
        "duration_ms": 1242.1867847442627,
        "endTime_ms": 1588061603970.6511,
        "funcActivationID": "817947b7c0384b56b947b7c0387b5628",
        "hostname": "action",
        "hostnameIP": "192.168.0.163",
        "initTime_ms": 1588061602728.4644,
        "uptime": "1017117.87"
    },
    "wait_time": 42,
    "init_time": 0,
    "mem_lim": 2048
},
{
    "pystart_ms": 1588061602329.2083,
    "pyend_ms": 1588061604177.4553,
    "pyduration_ms": 1848.2470703125,
    "ow_func_start_ms": 1588061602716,
    "ow_func_end_ms": 1588061603998,
    "ow_func_duration_ms": 1282,
    "func_data": {
        "containerID": "81f90bfd-30d2-4100-b197-f9c83899135a",
        "duration_ms": 1280.7011604309082,
        "endTime_ms": 1588061603997.9182,
        "funcActivationID": "a6e6ffcbab454d2ca6ffcbab458d2cc5",
        "hostname": "action",
        "hostnameIP": "192.168.0.160",
        "initTime_ms": 1588061602717.217,
        "uptime": "1017117.86"
    },
    "wait_time": 30,
    "init_time": 0,
    "mem_lim": 2048
},
{
    "pystart_ms": 1588061602318.2068,
    "pyend_ms": 1588061604461.7676,
    "pyduration_ms": 2143.560791015625,
    "ow_func_start_ms": 1588061602749,
    "ow_func_end_ms": 1588061604280,
    "ow_func_duration_ms": 1531,
    "func_data": {
        "containerID": "68b30be6-5604-456f-bf2b-58e906834f48",
        "duration_ms": 1524.437427520752,
        "endTime_ms": 1588061604279.225,
        "funcActivationID": "42521bdb86ba45ed921bdb86bab5ed7e",
        "hostname": "action",
        "hostnameIP": "192.168.0.180",
        "initTime_ms": 1588061602754.7876,
        "uptime": "1017189.87"
    },
    "wait_time": 42,
    "init_time": 0,
    "mem_lim": 2048
},
{
    "pystart_ms": 1588061602312.2515,
    "pyend_ms": 1588061604511.4204,
    "pyduration_ms": 2199.1689453125,
    "ow_func_start_ms": 1588061602736,
    "ow_func_end_ms": 1588061604331,
    "ow_func_duration_ms": 1595,
    "func_data": {
        "containerID": "8a25b6e4-e5f4-4910-b51f-c08927885e82",
        "duration_ms": 1592.6487445831299,
        "endTime_ms": 1588061604330.8528,
        "funcActivationID": "7fa48cf063254591a48cf06325159175",
        "hostname": "action",
        "hostnameIP": "192.168.0.189",
        "initTime_ms": 1588061602738.204,
        "uptime": "1016802.19"
    },
    "wait_time": 37,
    "init_time": 0,
    "mem_lim": 2048
},
{
    "pystart_ms": 1588061602316.1929,
    "pyend_ms": 1588061604554.4312,
    "pyduration_ms": 2238.23828125,
    "ow_func_start_ms": 1588061602719,
    "ow_func_end_ms": 1588061604371,
    "ow_func_duration_ms": 1652,
    "func_data": {
        "containerID": "bf391471-486c-431d-ac8f-782c06193e20",
        "duration_ms": 1648.3635902404785,
        "endTime_ms": 1588061604369.968,
        "funcActivationID": "a662defefff04e3da2defefff07e3d97",
        "hostname": "action",
        "hostnameIP": "192.168.0.179",
        "initTime_ms": 1588061602721.6042,
        "uptime": "1017189.83"
    },
    "wait_time": 30,
    "init_time": 0,
    "mem_lim": 2048
},
{
    "pystart_ms": 1588061602324.2012,
    "pyend_ms": 1588061604563.4297,
    "pyduration_ms": 2239.228515625,
    "ow_func_start_ms": 1588061602749,
    "ow_func_end_ms": 1588061604382,
    "ow_func_duration_ms": 1633,
    "func_data": {
        "containerID": "2bda006f-7596-49dc-ab85-4af4a8242828",
        "duration_ms": 1629.8449039459229,
        "endTime_ms": 1588061604381.4087,
        "funcActivationID": "c18c78da66b3496b8c78da66b3396b6e",
        "hostname": "action",
        "hostnameIP": "192.168.0.188",
        "initTime_ms": 1588061602751.5637,
        "uptime": "1016802.20"
    },
    "wait_time": 35,
    "init_time": 0,
    "mem_lim": 2048
},
{
    "pystart_ms": 1588061602327.1943,
    "pyend_ms": 1588061604584.8933,
    "pyduration_ms": 2257.698974609375,
    "ow_func_start_ms": 1588061602748,
    "ow_func_end_ms": 1588061604403,
    "ow_func_duration_ms": 1655,
    "func_data": {
        "containerID": "d94f15fa-b631-46b9-992a-d32404f44cb4",
        "duration_ms": 1650.9313583374023,
        "endTime_ms": 1588061604402.0293,
        "funcActivationID": "7b9ccaa92a4141fe9ccaa92a4181febe",
        "hostname": "action",
        "hostnameIP": "192.168.0.181",
        "initTime_ms": 1588061602751.098,
        "uptime": "1017189.86"
    },
    "wait_time": 46,
    "init_time": 0,
    "mem_lim": 2048
},
{
    "pystart_ms": 1588061602330.1929,
    "pyend_ms": 1588061604588.8442,
    "pyduration_ms": 2258.6513671875,
    "ow_func_start_ms": 1588061602750,
    "ow_func_end_ms": 1588061604404,
    "ow_func_duration_ms": 1654,
    "func_data": {
        "containerID": "5a75cd5a-c6bd-495f-8b33-437345935652",
        "duration_ms": 1651.8142223358154,
        "endTime_ms": 1588061604403.2217,
        "funcActivationID": "808efec2cef244da8efec2cef234da74",
        "hostname": "action",
        "hostnameIP": "192.168.0.182",
        "initTime_ms": 1588061602751.4075,
        "uptime": "1017189.87"
    },
    "wait_time": 52,
    "init_time": 0,
    "mem_lim": 2048
},
{
    "pystart_ms": 1588061602319.1943,
    "pyend_ms": 1588061605063.974,
    "pyduration_ms": 2744.77978515625,
    "ow_func_start_ms": 1588061602716,
    "ow_func_end_ms": 1588061603989,
    "ow_func_duration_ms": 1273,
    "func_data": {
        "containerID": "536b1ad9-2dec-4127-8b8a-853bd19affd8",
        "duration_ms": 1270.8513736724854,
        "endTime_ms": 1588061603988.0212,
        "funcActivationID": "4d55cb84b7fc448495cb84b7fc948440",
        "hostname": "action",
        "hostnameIP": "192.168.0.161",
        "initTime_ms": 1588061602717.1697,
        "uptime": "1017117.86"
    },
    "wait_time": 37,
    "init_time": 0,
    "mem_lim": 2048
},