
{
    "pystart_ms": 1588061568190.8108,
    "pyend_ms": 1588061570046.002,
    "pyduration_ms": 1855.191162109375,
    "ow_func_start_ms": 1588061568562,
    "ow_func_end_ms": 1588061569865,
    "ow_func_duration_ms": 1303,
    "func_data": {
        "containerID": "81f90bfd-30d2-4100-b197-f9c83899135a",
        "duration_ms": 1299.9787330627441,
        "endTime_ms": 1588061569863.7686,
        "funcActivationID": "132e45d0af354664ae45d0af356664b2",
        "hostname": "action",
        "hostnameIP": "192.168.0.160",
        "initTime_ms": 1588061568563.7898,
        "uptime": "1017083.71"
    },
    "wait_time": 42,
    "init_time": 0,
    "mem_lim": 2048
},
{
    "pystart_ms": 1588061568175.8188,
    "pyend_ms": 1588061570575.3525,
    "pyduration_ms": 2399.53369140625,
    "ow_func_start_ms": 1588061568931,
    "ow_func_end_ms": 1588061570381,
    "ow_func_duration_ms": 1450,
    "func_data": {
        "containerID": "536b1ad9-2dec-4127-8b8a-853bd19affd8",
        "duration_ms": 1282.8590869903564,
        "endTime_ms": 1588061570380.4634,
        "funcActivationID": "91b09c4a72a64e63b09c4a72a65e636f",
        "hostname": "action",
        "hostnameIP": "192.168.0.161",
        "initTime_ms": 1588061569097.6042,
        "uptime": "1017084.26"
    },
    "wait_time": 416,
    "init_time": 126,
    "mem_lim": 2048
},
{
    "pystart_ms": 1588061568188.8105,
    "pyend_ms": 1588061570584.8994,
    "pyduration_ms": 2396.0888671875,
    "ow_func_start_ms": 1588061568989,
    "ow_func_end_ms": 1588061570380,
    "ow_func_duration_ms": 1391,
    "func_data": {
        "containerID": "f43cfbad-1684-4ca2-9afa-2ef883062c85",
        "duration_ms": 1248.730182647705,
        "endTime_ms": 1588061570379.3884,
        "funcActivationID": "65051362758b4c55851362758bec5513",
        "hostname": "action",
        "hostnameIP": "192.168.0.162",
        "initTime_ms": 1588061569130.6582,
        "uptime": "1017084.30"
    },
    "wait_time": 465,
    "init_time": 104,
    "mem_lim": 2048
},
{
    "pystart_ms": 1588061568185.8123,
    "pyend_ms": 1588061570642.947,
    "pyduration_ms": 2457.134765625,
    "ow_func_start_ms": 1588061568984,
    "ow_func_end_ms": 1588061570467,
    "ow_func_duration_ms": 1483,
    "func_data": {
        "containerID": "c42437f1-30a0-4da2-981d-a9d74309b0c3",
        "duration_ms": 1301.703929901123,
        "endTime_ms": 1588061570464.0093,
        "funcActivationID": "efd1edc07d92482d91edc07d92a82d58",
        "hostname": "action",
        "hostnameIP": "192.168.0.163",
        "initTime_ms": 1588061569162.3054,
        "uptime": "1017084.33"
    },
    "wait_time": 464,
    "init_time": 109,
    "mem_lim": 2048
},
{
    "pystart_ms": 1588061568193.8118,
    "pyend_ms": 1588061570934.3005,
    "pyduration_ms": 2740.48876953125,
    "ow_func_start_ms": 1588061568920,
    "ow_func_end_ms": 1588061570751,
    "ow_func_duration_ms": 1831,
    "func_data": {
        "containerID": "8a25b6e4-e5f4-4910-b51f-c08927885e82",
        "duration_ms": 1654.120683670044,
        "endTime_ms": 1588061570750.3157,
        "funcActivationID": "895f0e40b79c49139f0e40b79ca91358",
        "hostname": "action",
        "hostnameIP": "192.168.0.189",
        "initTime_ms": 1588061569096.195,
        "uptime": "1016768.56"
    },
    "wait_time": 373,
    "init_time": 125,
    "mem_lim": 2048
},
{
    "pystart_ms": 1588061568186.847,
    "pyend_ms": 1588061570978.8071,
    "pyduration_ms": 2791.960205078125,
    "ow_func_start_ms": 1588061568947,
    "ow_func_end_ms": 1588061570797,
    "ow_func_duration_ms": 1850,
    "func_data": {
        "containerID": "2bda006f-7596-49dc-ab85-4af4a8242828",
        "duration_ms": 1667.374610900879,
        "endTime_ms": 1588061570796.2664,
        "funcActivationID": "a93b649986cf4cbdbb649986cfecbdd0",
        "hostname": "action",
        "hostnameIP": "192.168.0.188",
        "initTime_ms": 1588061569128.8916,
        "uptime": "1016768.60"
    },
    "wait_time": 398,
    "init_time": 130,
    "mem_lim": 2048
},
{
    "pystart_ms": 1588061568183.8066,
    "pyend_ms": 1588061571007.7344,
    "pyduration_ms": 2823.927734375,
    "ow_func_start_ms": 1588061569072,
    "ow_func_end_ms": 1588061570830,
    "ow_func_duration_ms": 1758,
    "func_data": {
        "containerID": "5a75cd5a-c6bd-495f-8b33-437345935652",
        "duration_ms": 1530.1849842071533,
        "endTime_ms": 1588061570829.4424,
        "funcActivationID": "0fdc6a1a4d2c44019c6a1a4d2c740103",
        "hostname": "action",
        "hostnameIP": "192.168.0.182",
        "initTime_ms": 1588061569299.2576,
        "uptime": "1017156.43"
    },
    "wait_time": 562,
    "init_time": 165,
    "mem_lim": 2048
},
{
    "pystart_ms": 1588061568182.813,
    "pyend_ms": 1588061571034.4055,
    "pyduration_ms": 2851.592529296875,
    "ow_func_start_ms": 1588061569079,
    "ow_func_end_ms": 1588061570851,
    "ow_func_duration_ms": 1772,
    "func_data": {
        "containerID": "d94f15fa-b631-46b9-992a-d32404f44cb4",
        "duration_ms": 1540.5871868133545,
        "endTime_ms": 1588061570850.2065,
        "funcActivationID": "cf31f79db26e46e1b1f79db26e66e1f4",
        "hostname": "action",
        "hostnameIP": "192.168.0.181",
        "initTime_ms": 1588061569309.6194,
        "uptime": "1017156.44"
    },
    "wait_time": 543,
    "init_time": 182,
    "mem_lim": 2048
},
{
    "pystart_ms": 1588061568191.808,
    "pyend_ms": 1588061571067.2407,
    "pyduration_ms": 2875.4326171875,
    "ow_func_start_ms": 1588061569045,
    "ow_func_end_ms": 1588061570880,
    "ow_func_duration_ms": 1835,
    "func_data": {
        "containerID": "bf391471-486c-431d-ac8f-782c06193e20",
        "duration_ms": 1600.5504131317139,
        "endTime_ms": 1588061570879.775,
        "funcActivationID": "df49398b68ca429289398b68ca0292dc",
        "hostname": "action",
        "hostnameIP": "192.168.0.179",
        "initTime_ms": 1588061569279.2244,
        "uptime": "1017156.41"
    },
    "wait_time": 518,
    "init_time": 181,
    "mem_lim": 2048
},
{
    "pystart_ms": 1588061568194.809,
    "pyend_ms": 1588061571198.8098,
    "pyduration_ms": 3004.000732421875,
    "ow_func_start_ms": 1588061569076,
    "ow_func_end_ms": 1588061571019,
    "ow_func_duration_ms": 1943,
    "func_data": {
        "containerID": "68b30be6-5604-456f-bf2b-58e906834f48",
        "duration_ms": 1681.5433502197266,
        "endTime_ms": 1588061571018.2156,
        "funcActivationID": "100519b9156e43c88519b9156e43c8d4",
        "hostname": "action",
        "hostnameIP": "192.168.0.180",
        "initTime_ms": 1588061569336.6724,
        "uptime": "1017156.47"
    },
    "wait_time": 550,
    "init_time": 207,
    "mem_lim": 2048
},