
{
    "pystart_ms": 1588059376159.1543,
    "pyend_ms": 1588059379480.249,
    "pyduration_ms": 3321.0947265625,
    "ow_func_start_ms": 1588059376579,
    "ow_func_end_ms": 1588059379288,
    "ow_func_duration_ms": 2709,
    "func_data": {
        "containerID": "f17b75e7-cd91-405a-9c4d-1a2020740304",
        "duration_ms": 2705.8968544006348,
        "endTime_ms": 1588059379286.3704,
        "funcActivationID": "c043c682772642c783c682772682c7a9",
        "hostname": "action",
        "hostnameIP": "192.168.0.136",
        "initTime_ms": 1588059376580.4734,
        "uptime": "1014891.72"
    },
    "wait_time": 24,
    "init_time": 0,
    "mem_lim": 256
},
{
    "pystart_ms": 1588059376163.1436,
    "pyend_ms": 1588059379696.0505,
    "pyduration_ms": 3532.906982421875,
    "ow_func_start_ms": 1588059376579,
    "ow_func_end_ms": 1588059379513,
    "ow_func_duration_ms": 2934,
    "func_data": {
        "containerID": "0604ee99-5d7d-43b5-ae32-c62353e92075",
        "duration_ms": 2932.159423828125,
        "endTime_ms": 1588059379512.6328,
        "funcActivationID": "a570b28af76f4dc1b0b28af76f3dc1a8",
        "hostname": "action",
        "hostnameIP": "192.168.0.128",
        "initTime_ms": 1588059376580.4734,
        "uptime": "1014891.72"
    },
    "wait_time": 47,
    "init_time": 0,
    "mem_lim": 256
},
{
    "pystart_ms": 1588059376168.1433,
    "pyend_ms": 1588059379865.7278,
    "pyduration_ms": 3697.58447265625,
    "ow_func_start_ms": 1588059376740,
    "ow_func_end_ms": 1588059379642,
    "ow_func_duration_ms": 2902,
    "func_data": {
        "containerID": "fd472877-38c5-4002-94f2-241c6486983c",
        "duration_ms": 2897.2489833831787,
        "endTime_ms": 1588059379639.6924,
        "funcActivationID": "3d5d20b2c40747989d20b2c407b79899",
        "hostname": "action",
        "hostnameIP": "192.168.0.131",
        "initTime_ms": 1588059376742.4434,
        "uptime": "1014891.90"
    },
    "wait_time": 193,
    "init_time": 0,
    "mem_lim": 256
},
{
    "pystart_ms": 1588059376170.1445,
    "pyend_ms": 1588059379955.5518,
    "pyduration_ms": 3785.4072265625,
    "ow_func_start_ms": 1588059376813,
    "ow_func_end_ms": 1588059379766,
    "ow_func_duration_ms": 2953,
    "func_data": {
        "containerID": "243b1f4a-dc0b-49fd-b030-17107466b78a",
        "duration_ms": 2950.751543045044,
        "endTime_ms": 1588059379766.0142,
        "funcActivationID": "04b0f19218404ae6b0f1921840dae67a",
        "hostname": "action",
        "hostnameIP": "192.168.0.137",
        "initTime_ms": 1588059376815.2625,
        "uptime": "1014891.98"
    },
    "wait_time": 238,
    "init_time": 0,
    "mem_lim": 256
},
{
    "pystart_ms": 1588059376172.1638,
    "pyend_ms": 1588059380012.8584,
    "pyduration_ms": 3840.694580078125,
    "ow_func_start_ms": 1588059376734,
    "ow_func_end_ms": 1588059379811,
    "ow_func_duration_ms": 3077,
    "func_data": {
        "containerID": "8644f991-5966-4ec8-a9ad-7196355957f6",
        "duration_ms": 3075.2832889556885,
        "endTime_ms": 1588059379810.781,
        "funcActivationID": "ee9406bde5bd49049406bde5bda90411",
        "hostname": "action",
        "hostnameIP": "192.168.0.132",
        "initTime_ms": 1588059376735.4978,
        "uptime": "1014891.92"
    },
    "wait_time": 188,
    "init_time": 0,
    "mem_lim": 256
},
{
    "pystart_ms": 1588059376165.145,
    "pyend_ms": 1588059380063.293,
    "pyduration_ms": 3898.14794921875,
    "ow_func_start_ms": 1588059376763,
    "ow_func_end_ms": 1588059379872,
    "ow_func_duration_ms": 3109,
    "func_data": {
        "containerID": "fbddeffd-ec82-4ce3-965e-43ec009c547d",
        "duration_ms": 3101.5586853027344,
        "endTime_ms": 1588059379870.8032,
        "funcActivationID": "0923d2cd1ad44862a3d2cd1ad4b8625c",
        "hostname": "action",
        "hostnameIP": "192.168.0.133",
        "initTime_ms": 1588059376769.2444,
        "uptime": "1014891.95"
    },
    "wait_time": 217,
    "init_time": 0,
    "mem_lim": 256
},
{
    "pystart_ms": 1588059376177.8042,
    "pyend_ms": 1588059380106.881,
    "pyduration_ms": 3929.076904296875,
    "ow_func_start_ms": 1588059376778,
    "ow_func_end_ms": 1588059379921,
    "ow_func_duration_ms": 3143,
    "func_data": {
        "containerID": "d0328a9e-7c05-4dc5-882a-e8d77b11938e",
        "duration_ms": 3136.3580226898193,
        "endTime_ms": 1588059379920.767,
        "funcActivationID": "459a5d52a8a54c8c9a5d52a8a55c8c4b",
        "hostname": "action",
        "hostnameIP": "192.168.0.129",
        "initTime_ms": 1588059376784.409,
        "uptime": "1014891.96"
    },
    "wait_time": 217,
    "init_time": 0,
    "mem_lim": 256
},
{
    "pystart_ms": 1588059376175.791,
    "pyend_ms": 1588059380195.4634,
    "pyduration_ms": 4019.67236328125,
    "ow_func_start_ms": 1588059376807,
    "ow_func_end_ms": 1588059379996,
    "ow_func_duration_ms": 3189,
    "func_data": {
        "containerID": "78cc8e71-f2cc-4855-8349-51036260b127",
        "duration_ms": 3187.4356269836426,
        "endTime_ms": 1588059379995.341,
        "funcActivationID": "3318ae2880004d0a98ae2880007d0a6a",
        "hostname": "action",
        "hostnameIP": "192.168.0.135",
        "initTime_ms": 1588059376807.9055,
        "uptime": "1014891.98"
    },
    "wait_time": 246,
    "init_time": 0,
    "mem_lim": 256
},
{
    "pystart_ms": 1588059376166.1438,
    "pyend_ms": 1588059380227.4883,
    "pyduration_ms": 4061.344482421875,
    "ow_func_start_ms": 1588059376803,
    "ow_func_end_ms": 1588059380040,
    "ow_func_duration_ms": 3237,
    "func_data": {
        "containerID": "55608c31-431c-4cc4-a207-ed3cc3f78e51",
        "duration_ms": 3211.167573928833,
        "endTime_ms": 1588059380039.271,
        "funcActivationID": "4ba222b00046465da222b00046665d72",
        "hostname": "action",
        "hostnameIP": "192.168.0.134",
        "initTime_ms": 1588059376828.1035,
        "uptime": "1014891.99"
    },
    "wait_time": 235,
    "init_time": 0,
    "mem_lim": 256
},
{
    "pystart_ms": 1588059376173.148,
    "pyend_ms": 1588059380232.4895,
    "pyduration_ms": 4059.341552734375,
    "ow_func_start_ms": 1588059376805,
    "ow_func_end_ms": 1588059380049,
    "ow_func_duration_ms": 3244,
    "func_data": {
        "containerID": "f1b59690-15ea-41f7-8536-014c45e72b56",
        "duration_ms": 3228.3053398132324,
        "endTime_ms": 1588059380048.2524,
        "funcActivationID": "6f01d0d7804042b881d0d78040c2b899",
        "hostname": "action",
        "hostnameIP": "192.168.0.124",
        "initTime_ms": 1588059376819.947,
        "uptime": "1014891.98"
    },
    "wait_time": 253,
    "init_time": 0,
    "mem_lim": 256
},