
{
    "pystart_ms": 1588059343509.0144,
    "pyend_ms": 1588059346585.2686,
    "pyduration_ms": 3076.254150390625,
    "ow_func_start_ms": 1588059343925,
    "ow_func_end_ms": 1588059346395,
    "ow_func_duration_ms": 2470,
    "func_data": {
        "containerID": "f1b59690-15ea-41f7-8536-014c45e72b56",
        "duration_ms": 2466.6991233825684,
        "endTime_ms": 1588059346393.0884,
        "funcActivationID": "c307af9326e6436e87af9326e6136e07",
        "hostname": "action",
        "hostnameIP": "192.168.0.124",
        "initTime_ms": 1588059343926.3892,
        "uptime": "1014859.07"
    },
    "wait_time": 25,
    "init_time": 0,
    "mem_lim": 256
},
{
    "pystart_ms": 1588059343519.0151,
    "pyend_ms": 1588059346756.3015,
    "pyduration_ms": 3237.286376953125,
    "ow_func_start_ms": 1588059343928,
    "ow_func_end_ms": 1588059346571,
    "ow_func_duration_ms": 2643,
    "func_data": {
        "containerID": "0604ee99-5d7d-43b5-ae32-c62353e92075",
        "duration_ms": 2387.9482746124268,
        "endTime_ms": 1588059346570.4314,
        "funcActivationID": "7a37ef6e95e44318b7ef6e95e4a31874",
        "hostname": "action",
        "hostnameIP": "192.168.0.128",
        "initTime_ms": 1588059344182.4832,
        "uptime": "1014859.35"
    },
    "wait_time": 12,
    "init_time": 175,
    "mem_lim": 256
},
{
    "pystart_ms": 1588059343518.015,
    "pyend_ms": 1588059348085.744,
    "pyduration_ms": 4567.72900390625,
    "ow_func_start_ms": 1588059344842,
    "ow_func_end_ms": 1588059347897,
    "ow_func_duration_ms": 3055,
    "func_data": {
        "containerID": "243b1f4a-dc0b-49fd-b030-17107466b78a",
        "duration_ms": 2512.1073722839355,
        "endTime_ms": 1588059347896.189,
        "funcActivationID": "21c9422a709d4f8189422a709dcf81d6",
        "hostname": "action",
        "hostnameIP": "192.168.0.137",
        "initTime_ms": 1588059345384.0815,
        "uptime": "1014860.57"
    },
    "wait_time": 916,
    "init_time": 414,
    "mem_lim": 256
},
{
    "pystart_ms": 1588059343511.0144,
    "pyend_ms": 1588059348141.8198,
    "pyduration_ms": 4630.805419921875,
    "ow_func_start_ms": 1588059344690,
    "ow_func_end_ms": 1588059347941,
    "ow_func_duration_ms": 3251,
    "func_data": {
        "containerID": "d0328a9e-7c05-4dc5-882a-e8d77b11938e",
        "duration_ms": 2759.8609924316406,
        "endTime_ms": 1588059347940.7104,
        "funcActivationID": "0fff38ab3d684a9dbf38ab3d687a9d60",
        "hostname": "action",
        "hostnameIP": "192.168.0.129",
        "initTime_ms": 1588059345180.8496,
        "uptime": "1014860.37"
    },
    "wait_time": 774,
    "init_time": 406,
    "mem_lim": 256
},
{
    "pystart_ms": 1588059343510.0137,
    "pyend_ms": 1588059348143.8162,
    "pyduration_ms": 4633.802490234375,
    "ow_func_start_ms": 1588059344825,
    "ow_func_end_ms": 1588059347954,
    "ow_func_duration_ms": 3129,
    "func_data": {
        "containerID": "55608c31-431c-4cc4-a207-ed3cc3f78e51",
        "duration_ms": 2503.9570331573486,
        "endTime_ms": 1588059347953.3923,
        "funcActivationID": "2697bed03bda494697bed03bda99465d",
        "hostname": "action",
        "hostnameIP": "192.168.0.134",
        "initTime_ms": 1588059345449.4353,
        "uptime": "1014860.66"
    },
    "wait_time": 906,
    "init_time": 458,
    "mem_lim": 256
},
{
    "pystart_ms": 1588059343504.0205,
    "pyend_ms": 1588059348360.0647,
    "pyduration_ms": 4856.044189453125,
    "ow_func_start_ms": 1588059344803,
    "ow_func_end_ms": 1588059348176,
    "ow_func_duration_ms": 3373,
    "func_data": {
        "containerID": "8644f991-5966-4ec8-a9ad-7196355957f6",
        "duration_ms": 2827.237844467163,
        "endTime_ms": 1588059348174.8843,
        "funcActivationID": "421ed85fddb24c429ed85fddb2dc4269",
        "hostname": "action",
        "hostnameIP": "192.168.0.132",
        "initTime_ms": 1588059345347.6465,
        "uptime": "1014860.53"
    },
    "wait_time": 888,
    "init_time": 452,
    "mem_lim": 256
},
{
    "pystart_ms": 1588059343515.0146,
    "pyend_ms": 1588059348383.7742,
    "pyduration_ms": 4868.759521484375,
    "ow_func_start_ms": 1588059344766,
    "ow_func_end_ms": 1588059348199,
    "ow_func_duration_ms": 3433,
    "func_data": {
        "containerID": "78cc8e71-f2cc-4855-8349-51036260b127",
        "duration_ms": 2925.719738006592,
        "endTime_ms": 1588059348196.5935,
        "funcActivationID": "7e58ba836b36400198ba836b36c00173",
        "hostname": "action",
        "hostnameIP": "192.168.0.135",
        "initTime_ms": 1588059345270.8738,
        "uptime": "1014860.44"
    },
    "wait_time": 846,
    "init_time": 407,
    "mem_lim": 256
},
{
    "pystart_ms": 1588059343507.0137,
    "pyend_ms": 1588059348395.772,
    "pyduration_ms": 4888.75830078125,
    "ow_func_start_ms": 1588059344734,
    "ow_func_end_ms": 1588059348196,
    "ow_func_duration_ms": 3462,
    "func_data": {
        "containerID": "fd472877-38c5-4002-94f2-241c6486983c",
        "duration_ms": 3008.350133895874,
        "endTime_ms": 1588059348192.622,
        "funcActivationID": "48f9df97e72a48d8b9df97e72a98d860",
        "hostname": "action",
        "hostnameIP": "192.168.0.131",
        "initTime_ms": 1588059345184.272,
        "uptime": "1014860.39"
    },
    "wait_time": 810,
    "init_time": 368,
    "mem_lim": 256
},
{
    "pystart_ms": 1588059343514.0186,
    "pyend_ms": 1588059348499.2273,
    "pyduration_ms": 4985.208740234375,
    "ow_func_start_ms": 1588059344860,
    "ow_func_end_ms": 1588059348311,
    "ow_func_duration_ms": 3451,
    "func_data": {
        "containerID": "f17b75e7-cd91-405a-9c4d-1a2020740304",
        "duration_ms": 2909.2302322387695,
        "endTime_ms": 1588059348310.1553,
        "funcActivationID": "118f1590d4ef47218f1590d4eff721f4",
        "hostname": "action",
        "hostnameIP": "192.168.0.136",
        "initTime_ms": 1588059345400.9248,
        "uptime": "1014860.61"
    },
    "wait_time": 926,
    "init_time": 416,
    "mem_lim": 256
},
{
    "pystart_ms": 1588059343517.0137,
    "pyend_ms": 1588059348511.7278,
    "pyduration_ms": 4994.714111328125,
    "ow_func_start_ms": 1588059344809,
    "ow_func_end_ms": 1588059348314,
    "ow_func_duration_ms": 3505,
    "func_data": {
        "containerID": "fbddeffd-ec82-4ce3-965e-43ec009c547d",
        "duration_ms": 2897.2649574279785,
        "endTime_ms": 1588059348312.586,
        "funcActivationID": "ef295c8b0ca040a6a95c8b0ca0c0a668",
        "hostname": "action",
        "hostnameIP": "192.168.0.133",
        "initTime_ms": 1588059345415.3208,
        "uptime": "1014860.63"
    },
    "wait_time": 895,
    "init_time": 505,
    "mem_lim": 256
},